anomaly_type,structural_score,ticker,date,anomaly_score,log_return,return_zscore_21d,volume_zscore_21d,range_zscore_21d,filed_8k_2d,filed_10q_2d
range expansion,0.6037842373913165,AMD,2008-09-29,26.245721722088497,-0.1846498465535457,-3.874442363923424,1.825679059813911,26.245721722088497,0.0,0.0
price move with disclosure,0.6874172495653696,META,2013-07-25,21.161050493711382,0.2593710768151204,21.161050493711382,5.266616376077033,8.512829258337433,1.0,1.0
range expansion,0.501768080660562,AAPL,2010-05-06,21.01630486019872,-0.0387220258791664,-2.0374388545705666,2.340214290663321,21.01630486019872,0.0,0.0
range expansion,0.49621276570671197,AMZN,2017-06-09,19.741996173449124,-0.0321463076180637,-4.029461371346434,3.4271241799541645,19.741996173449124,0.0,0.0
price move with disclosure,0.6457079351175615,MSFT,2006-04-28,18.445034148152263,-0.1207935412149936,-18.445034148152263,9.988021675933725,1.5749340491938142,1.0,1.0
range expansion with disclosure,0.5712578509471656,GOOGL,2012-10-18,18.439285339090983,-0.0834338247855095,-9.164778349967136,4.136203647989967,18.439285339090983,2.0,0.0
price move with disclosure,0.5853929630368102,INTC,2014-07-16,16.79916069280026,0.0887283923455855,16.79916069280026,4.653171506052133,5.283274480350791,1.0,0.0
price move with disclosure,0.6593211628422787,AMD,2005-01-11,16.7015407377504,-0.3035382003620869,-16.7015407377504,4.9086750167494815,5.984633063375097,1.0,0.0
range expansion with disclosure,0.5540967857602083,MSFT,2005-10-27,16.394207191888707,-0.0104651905906643,-0.9882663743322608,-0.0969226346873123,16.394207191888707,1.0,1.0
price move with disclosure,0.6697904611884525,META,2018-07-26,15.937684949680405,-0.2102386728572244,-15.937684949680405,6.088918131249356,3.131309978910779,1.0,1.0
range expansion,0.4984897814980887,ORCL,2010-05-06,15.928300346339087,-0.0421740503288194,-3.568490153703761,3.095256149575652,15.928300346339087,0.0,0.0
price move with disclosure,0.6436458186682494,AMZN,2007-04-25,15.558039412879957,0.2386209218481712,15.558039412879957,6.624157909399018,9.54627553805758,1.0,0.0
price move with disclosure,0.6766135976901931,AMZN,2017-10-27,15.537875663676482,0.1241306289632843,15.537875663676482,7.643205816547854,6.573576815356867,1.0,1.0
range expansion with disclosure,0.5778930007179016,ORCL,2008-09-19,15.331698933899627,0.0681188188733775,3.211752460842629,1.289132367327154,15.331698933899627,1.0,0.0
range expansion,0.5236025895689779,INTC,2010-05-06,15.23524958476842,-0.0299758052206891,-1.7675604186407765,2.1953048274958538,15.23524958476842,0.0,0.0
price move with disclosure,0.6793002201076128,AMD,2016-04-22,15.02804692544446,0.4206169131287665,15.02804692544446,10.373549245190164,9.92038146511676,1.0,0.0
range expansion,0.5277069877152801,META,2015-08-24,14.96892652065211,-0.0472285210502787,-2.1030480460006267,2.143761648589803,14.96892652065211,0.0,0.0
price move,0.6759946026620526,AAPL,2000-09-29,14.785125407635563,-0.7307974960436613,-14.785125407635563,7.182272980130767,3.620292837076636,0.0,0.0
range expansion,0.4869219810350452,GOOGL,2017-03-21,14.465309771946387,-0.0206871779932218,-4.722104632468847,4.481250471457815,14.465309771946387,0.0,0.0
range expansion,0.5505957136708994,AMD,1996-01-05,14.349858400695188,0.0780212055608962,3.524713232402421,2.294703221459013,14.349858400695188,0.0,0.0
price move with disclosure,0.6561134051603622,NVDA,2008-07-03,14.009333860731356,-0.3667769608847175,-14.009333860731356,6.859208344079071,1.214814702511355,1.0,0.0
range expansion,0.47148707388022826,MSFT,2008-07-01,13.78246595730507,-0.0234607848606849,-1.1124567435700083,1.29835540786495,13.78246595730507,0.0,0.0
price move with disclosure,0.6814822372453685,AMZN,2009-10-23,13.77520656146819,0.2374020349270767,13.77520656146819,6.681929106538849,8.058426922346358,1.0,1.0
range expansion with disclosure,0.5144189012784448,AMZN,2006-10-24,13.754423535913585,0.0225539555641991,0.9783128898849844,6.117727981594954,13.754423535913585,1.0,0.0
range expansion with disclosure,0.5257705674424487,AMZN,2006-02-02,13.553267327143576,-0.0285997352356134,-1.9919772671519007,4.638823684561372,13.553267327143576,1.0,0.0
range expansion,0.5959307881351001,TSLA,2012-01-13,13.529436399578415,-0.2147720383689055,-13.284295248023572,5.566083875173331,13.529436399578415,0.0,0.0
price move with disclosure,0.6165228412340628,GOOGL,2013-10-18,13.48342386549501,0.1292176169548254,13.48342386549501,5.267991573801504,5.958669204232885,1.0,0.0
price move with disclosure,0.6687382521681137,ORCL,2021-12-10,13.458657388858777,0.145073561701538,13.458657388858777,4.59946173979203,5.5613357943232735,1.0,1.0
price move with disclosure,0.6855393225626497,NVDA,2004-08-06,13.360388981918298,-0.4347940239135572,-13.360388981918298,6.917032686779685,2.7839829903344326,1.0,0.0
range expansion with disclosure,0.5673978623560029,TSLA,2018-02-08,13.14182758776418,-0.0902434720564763,-5.352257167813577,3.3364394581748607,13.14182758776418,2.0,0.0
price move with disclosure,0.6763210337774239,META,2022-02-03,13.054399052484484,-0.3063905616932622,-13.054399052484484,6.211771695283157,1.312613647967495,1.0,0.0
price move with disclosure,0.6595907541306556,ORCL,2023-12-12,13.036641570432344,-0.1328243676197228,-13.036641570432344,5.497502007840839,6.128153636911463,1.0,1.0
price move with disclosure,0.598518080866488,ORCL,2017-06-22,13.026185409739991,0.0822034021365678,13.026185409739991,4.743281988461866,4.4193617848107305,1.0,0.0
price move with disclosure,0.6557763721984531,INTC,2020-07-24,12.984929182287434,-0.177233526663892,-12.984929182287434,6.78383840258289,4.203662332452512,1.0,1.0
range expansion,0.5681190471270823,NVDA,2021-11-04,12.936866562590737,0.1137032381762911,5.673311523299403,5.6885026034407655,12.936866562590737,0.0,0.0
price move with disclosure,0.677515005810598,META,2024-02-02,12.836750969238574,0.1849651034666112,12.836750969238574,7.462156683580834,8.081627058470705,1.0,0.0
range expansion with disclosure,0.6549834281747634,AMZN,2015-07-24,12.809870453354634,0.0934645793755555,6.395590913019624,4.722408254144746,12.809870453354634,1.0,1.0
price move with disclosure,0.5872834223405115,ORCL,2017-09-15,12.480836500901102,-0.0797896697975806,-12.480836500901102,5.382721685853396,10.773165926066913,1.0,0.0
range expansion,0.583166433724637,TSLA,2025-06-05,12.448398622528442,-0.1538495657027309,-5.135935455674197,5.55145927319482,12.448398622528442,0.0,0.0
range expansion,0.535934718938237,AMD,1994-10-03,12.39811733417827,-0.1160204769727146,-5.96363816715483,4.270831864977385,12.39811733417827,0.0,0.0
price move with disclosure,0.686800248209518,ORCL,2025-09-10,12.37887366011308,0.3071083200653403,12.37887366011308,5.595844638020522,4.310021603588129,1.0,1.0
price move with disclosure,0.6372223408198833,GOOGL,2019-04-30,12.25549813998882,-0.0779834308895119,-12.25549813998882,5.274797772677958,1.0704926057091382,2.0,1.0
range expansion,0.5347405160003006,NVDA,2018-02-05,12.21340699844171,-0.088589122880158,-5.540882083297201,3.75786268443394,12.21340699844171,0.0,0.0
range expansion with disclosure,0.6024067457044491,AMD,1996-06-21,12.207301016496258,-0.1014201784459033,-5.1942026671969606,5.535505664818815,12.207301016496258,1.0,0.0
price move with disclosure,0.6418589533304783,NVDA,2016-11-11,12.180557814388944,0.2608342408676769,12.180557814388944,5.345653100339378,6.234025565190684,1.0,0.0
range expansion with disclosure,0.6168598879484446,MSFT,2025-07-31,12.175864951797257,0.0387154987149905,5.37515071338587,6.177542531636503,12.175864951797257,1.0,0.0
range expansion,0.5062402547937932,NVDA,2017-11-29,12.016796175525055,-0.0705146869454788,-4.456356083023947,2.9051601300213954,12.016796175525055,0.0,0.0
range expansion,0.4763872373868483,AAPL,2007-10-11,11.8978041943824,-0.0275724790992085,-2.463375291093891,2.947759412675772,11.8978041943824,0.0,0.0
range expansion,0.46934474559228584,NVDA,2013-08-12,11.856538752872444,-0.0083023020056548,-0.873968377457571,-0.0163576115879217,11.856538752872444,0.0,0.0
price move with disclosure,0.6363602561235997,MSFT,2017-10-27,11.742343557432363,0.0621584311260965,11.742343557432363,5.788718166961051,7.930925857546877,1.0,1.0
range expansion,0.5493323612594909,AAPL,2003-04-11,11.676331061779056,-0.0842092695896535,-4.6461379936810205,6.097007382124386,11.676331061779056,0.0,0.0
range expansion,0.5133759141167885,GOOGL,2011-06-17,11.358163252345744,-0.0311365317043901,-3.791393603217063,4.639029296152996,11.358163252345744,0.0,0.0
range expansion,0.4921118690174805,NVDA,2009-03-11,11.357148065268136,0.0272425164941966,0.5503749947271322,-0.0436865007793609,11.357148065268136,0.0,0.0
range expansion with disclosure,0.4852019985610082,META,2025-12-12,11.356090298578694,-0.013077121297054,-0.8424126203599261,-0.7685744971640778,11.356090298578694,1.0,0.0
range expansion,0.48285822891753577,AMZN,2016-11-10,11.316709588548903,-0.0389678560742157,-1.8982138464191856,2.504930464030765,11.316709588548903,0.0,0.0
range expansion,0.6057618331687707,AMD,2002-04-18,11.222081402997764,-0.1622808059105086,-5.648956928575423,4.462428920221109,11.222081402997764,0.0,0.0
range expansion,0.6817157225353816,AMD,2002-10-03,11.219084186836584,-0.3915952602440139,-9.587996923843036,3.944843227498129,11.219084186836584,0.0,0.0
price move with disclosure,0.589789539771118,AMZN,2007-07-25,11.19852755282469,0.2185989441842276,11.19852755282469,4.071784900063838,3.492850340943592,1.0,0.0
volume spike,0.5186577473629278,META,2018-03-19,11.05456429859029,-0.0700971911877244,-5.350376987361589,11.05456429859029,3.0220546408748943,0.0,0.0
price move with disclosure,0.5944383812274013,GOOGL,2015-07-17,10.989002246638693,0.1506474925193202,10.989002246638693,5.140819964947915,3.628588666084424,1.0,0.0
price move with disclosure,0.6427363097767255,INTC,2021-10-22,10.982616811952846,-0.124179661245126,-10.982616811952846,6.112758022657871,2.123507344838735,1.0,1.0
range expansion,0.6035368323456024,INTC,1997-10-28,10.95616185045583,0.128399904397306,5.921912571266296,2.221726652309344,10.95616185045583,0.0,0.0
range expansion,0.5512371338326614,ORCL,2007-11-08,10.898535064378503,-0.0825516725218048,-4.312254503329278,7.839463476878305,10.898535064378503,0.0,0.0
price move with disclosure,0.6437145891158336,AMZN,2006-07-26,10.686794245701137,-0.2461815347495512,-10.686794245701137,5.705145917563458,8.738118175973025,1.0,0.0
price move with disclosure,0.5788554441648651,INTC,2006-01-18,10.661665948767345,-0.1218030679518103,-10.661665948767345,4.79128059777433,2.256956045045704,1.0,0.0
price move with disclosure,0.6403814551501572,GOOGL,2019-07-26,10.633288391602004,0.0918523752746916,10.633288391602004,6.327348495255989,5.822267633389632,1.0,1.0
range expansion with disclosure,0.5464049003144604,GOOGL,2010-05-06,10.621391983967705,-0.0219675313241911,-0.7511463631166958,0.8533323928997676,10.621391983967705,0.0,1.0
range expansion with disclosure,0.5096797658243192,ORCL,2012-03-21,10.60390184114029,-0.0230263025998601,-2.653110230827376,4.838794648260107,10.60390184114029,1.0,0.0
range expansion,0.5252905057037686,AAPL,2024-06-11,10.577893455152095,0.0701395158702021,6.658067133425693,4.886808454533826,10.577893455152095,0.0,0.0
range expansion,0.4628057125361478,INTC,2010-10-01,10.567976035510352,0.006325022847736,0.1782179522317601,-2.4316607985292307,10.567976035510352,0.0,0.0
price move with disclosure,0.6162898251377152,NVDA,2016-05-13,10.488816992883056,0.1416391017019775,10.488816992883056,5.8514395075823,3.456491253631971,1.0,0.0
range expansion,0.5256198049429237,INTC,2015-08-24,10.466425989063806,-0.0117264238392116,-0.5270014317978796,3.789536819144254,10.466425989063806,0.0,0.0
price move with disclosure,0.588048605578016,ORCL,2017-03-16,10.442586042106749,0.0604643096776906,10.442586042106749,7.960941254048985,6.4528368141058925,1.0,0.0
range expansion with disclosure,0.6654321696463824,AMD,2017-05-02,10.439061446794652,-0.2774555406679495,-10.28850081375669,4.496122235815204,10.439061446794652,1.0,0.0
range expansion with disclosure,0.5679830694018748,AAPL,2011-01-18,10.341064866822956,-0.0225235837704841,-3.9168900941510056,6.014537787305929,10.341064866822956,2.0,0.0
price move with disclosure,0.6355766627431328,ORCL,2024-09-10,10.33806489073252,0.1082942308362503,10.33806489073252,4.233396274959195,4.299075566692056,1.0,1.0
price move with disclosure,0.6809882397165017,INTC,2024-08-02,10.328742624643922,-0.3018968297258532,-10.328742624643922,3.9591852039937465,2.0874257159221763,1.0,1.0
price move with disclosure,0.6337286066442633,AMZN,2015-04-24,10.313622200223282,0.1321778782524941,10.313622200223282,4.823935938874096,1.8870292846724164,2.0,1.0
price move with disclosure,0.6155626347621828,AAPL,2017-02-01,10.297227979465168,0.0590785916232838,10.297227979465168,7.592954974919722,4.784946209480748,1.0,1.0
range expansion,0.4832718897823317,MSFT,2001-06-28,10.274028937420708,0.0216171651419463,1.3268986830783154,3.1706004471882614,10.274028937420708,0.0,0.0
range expansion,0.5338514343293554,MSFT,1994-12-20,10.10632414355953,-0.0436602682214424,-3.935515385636368,4.502182215142512,10.10632414355953,0.0,0.0
price move with disclosure,0.6570583485284925,NVDA,2003-05-09,10.106077651668626,0.2857154874323279,10.106077651668626,5.444096026211907,6.233982912919124,1.0,0.0
range expansion with disclosure,0.6027454947029567,AAPL,2019-07-31,10.005168000364728,0.0201863028194057,1.675359983354424,5.384676322575084,10.005168000364728,1.0,1.0
price move with disclosure,0.6004372419553167,NVDA,2017-05-10,9.984424376459328,0.1640921130504533,9.984424376459328,4.981689142431072,7.073805576903447,1.0,0.0
price move with disclosure,0.6737192041691099,META,2023-02-02,9.941865494458218,0.2093074150759982,9.941865494458218,7.702141002468086,6.787488240784128,2.0,0.0
range expansion with disclosure,0.5269428244533813,META,2017-09-25,9.852337215743844,-0.046017536728434,-5.354269550007216,6.394444475490297,9.852337215743844,1.0,0.0
range expansion with disclosure,0.5159223945398398,GOOGL,2017-06-09,9.814669351912752,-0.0346057543827797,-4.5821452188850085,4.343724182299242,9.814669351912752,1.0,0.0
range expansion,0.4749306290721257,ORCL,2023-08-23,9.685800489845422,0.0110932104394466,0.9713482035193132,4.631919588160305,9.685800489845422,0.0,0.0
price move with disclosure,0.6353288954947925,NVDA,2023-05-25,9.6193116917458,0.2180916585960162,9.6193116917458,5.057613648074939,6.269432123217156,1.0,0.0
range expansion,0.5233017275569198,GOOGL,2018-02-05,9.595106471468306,-0.0516295795499609,-3.676700672894023,2.3061538980476093,9.595106471468306,0.0,0.0
range expansion,0.5136569480062483,AAPL,2014-09-03,9.578168797196858,-0.0429952897845418,-7.328693254896182,4.411067493420182,9.578168797196858,0.0,0.0
range expansion,0.4615871066814943,MSFT,2016-11-10,9.54484284113777,-0.0246841658848254,-2.0881784856368024,1.88621003109081,9.54484284113777,0.0,0.0
price move with disclosure,0.6498201352523546,AMZN,2012-04-27,9.532017212703389,0.1462253685892041,9.532017212703389,5.063087603622613,2.0672403663162537,1.0,1.0
range expansion,0.5120849864317933,TSLA,2014-06-16,9.483636157084115,0.0844550590217562,5.897765414067298,4.645458219664303,9.483636157084115,0.0,0.0
range expansion,0.5049784079399445,AMD,2011-06-16,9.483352101706238,-0.0422118488093094,-2.3139911217656985,4.369921034947327,9.483352101706238,0.0,0.0
range expansion with disclosure,0.5628202267202619,META,2019-06-03,9.477862868925172,-0.0780209365988718,-4.6014810715048124,6.220382243656294,9.477862868925172,1.0,0.0
range expansion,0.534429262447003,GOOGL,2006-02-28,9.477783925882306,-0.0737647971392842,-2.206015350112529,2.680600958639081,9.477783925882306,0.0,0.0
price move with disclosure,0.6135471253935347,META,2025-07-31,9.45580043169151,0.1066341393175623,9.45580043169151,4.753476859192858,0.950389583634446,1.0,1.0
price move with disclosure,0.5591204722957291,ORCL,2018-03-20,9.44764341034918,-0.0990562724446363,-9.44764341034918,6.239457287607032,1.7106837715596703,1.0,0.0
price move with disclosure,0.5813161636040414,AMZN,2005-07-27,9.414912950631551,0.145482742345207,9.414912950631551,5.466644152311076,1.920311653506332,1.0,0.0
price move,0.5747049355801397,TSLA,2011-03-31,9.408583321176522,0.1573368313025069,9.408583321176522,5.854066348325207,4.30918129604716,0.0,0.0
price move with disclosure,0.6288214545063657,AMD,2025-10-06,9.381759030256486,0.2127539425995588,9.381759030256486,6.297210985244363,8.340779157924564,1.0,0.0
range expansion with disclosure,0.5781127578157667,AMD,2023-05-04,9.373049342223275,0.0593409523652938,2.4456111546925645,3.83216518734784,9.373049342223275,0.0,1.0
range expansion,0.5195681637069088,TSLA,2014-09-15,9.36567802058973,-0.0951436460956371,-5.792905146993963,3.0948797744640437,9.36567802058973,0.0,0.0
price move with disclosure,0.6300847455748954,ORCL,2023-09-12,9.343605136715434,-0.1449723995831849,-9.343605136715434,4.981642498979313,1.9793302135154789,1.0,1.0
price move with disclosure,0.5740664887172086,AMD,2017-10-25,9.33029602597668,-0.1447215895384066,-9.33029602597668,4.018524902919474,3.721716037750305,1.0,0.0
range expansion,0.5565747885774499,NVDA,2008-01-07,9.28656041821441,-0.109035079928697,-3.3631623484934883,2.207104140888921,9.28656041821441,0.0,0.0
price move with disclosure,0.5907697497093511,MSFT,2013-07-19,9.235200250260505,-0.1211091686580758,-9.235200250260505,4.98473525821472,3.857506668398131,1.0,0.0
range expansion with disclosure,0.5895518381944609,AMD,2006-12-14,9.2177398038751,0.1186090041513467,7.624762502520095,4.018734121465204,9.2177398038751,1.0,0.0
price move with disclosure,0.5859766931674989,NVDA,2015-08-07,9.158170389470529,0.1165663611151589,9.158170389470529,5.226412113241988,6.146796317384434,1.0,0.0
price move with disclosure,0.638351139616003,META,2023-04-27,9.153180376224777,0.1303745525799918,9.153180376224777,5.142508429481501,-0.0792176809392546,1.0,1.0
range expansion,0.502316261681756,AAPL,2017-06-09,9.103438508542112,-0.0396025428446504,-3.83596279910775,3.958470267429937,9.103438508542112,0.0,0.0
range expansion,0.5268553374635634,INTC,2015-03-27,9.050819297833511,0.0618331537551798,3.508361839753296,1.8966251546222617,9.050819297833511,0.0,0.0
range expansion,0.5232835835421855,AAPL,2015-08-24,9.041588763467445,-0.0253760599319775,-0.7901908100824123,2.438996315651153,9.041588763467445,0.0,0.0
range expansion,0.5797543156229906,AMD,1999-11-11,9.038507091712358,0.2052451966958915,4.980418722220151,3.6418179183804185,9.038507091712358,0.0,0.0
price move with disclosure,0.6309915086329232,INTC,2019-04-26,9.03092221941195,-0.0942078797476042,-9.03092221941195,4.18691627103059,2.9017098746886663,1.0,1.0
price move with disclosure,0.5514597623705615,ORCL,2013-03-21,9.01796084439209,-0.1017632478848427,-9.01796084439209,5.551057801609993,0.9710012702967702,1.0,0.0
price move with disclosure,0.6754799246324112,META,2022-10-27,8.943922100027258,-0.2817938293311511,-8.943922100027258,6.043158235493687,1.6429322520434524,1.0,1.0
volume spike,0.4064868496282669,INTC,2003-11-28,8.908178249652696,0.0057740966857118,0.2773619591548719,-8.908178249652696,-0.9327399902465778,0.0,0.0
price move with disclosure,0.5428185678114328,GOOGL,2010-04-16,8.908037083189042,-0.0785994782736164,-8.908037083189042,3.343957110975881,2.3628641699980717,1.0,0.0
volume spike,0.5882220775575036,INTC,2000-12-01,8.893416870379998,-0.1093120311244794,-1.9934503648597768,-8.893416870379998,4.39014844870749,0.0,0.0
price move with disclosure,0.5678300207932467,ORCL,2006-09-20,8.865020959790396,0.1058161429186642,8.865020959790396,4.257861267201241,0.4276167087092829,1.0,0.0
price move with disclosure,0.6304810842378463,MSFT,2015-10-23,8.84802773882925,0.0960642882407689,8.84802773882925,6.699107682434433,1.909966835728796,1.0,1.0
range expansion,0.4687143447922749,MSFT,2004-11-22,8.827969866015193,-0.0079427067076092,-0.9293545583052746,0.0700573711897184,8.827969866015193,0.0,0.0
price move with disclosure,0.6300737301285844,AAPL,2014-04-24,8.80966877355098,0.0786933588541423,8.80966877355098,5.319529937452119,0.8071490194359131,2.0,1.0
price move,0.6095129544790273,AMD,2001-07-06,8.796346098077798,-0.3198513553851725,-8.796346098077798,3.798103396376372,3.894320213792693,0.0,0.0
range expansion,0.505322920757937,MSFT,1997-01-20,8.774744083573815,0.0411069136322411,2.151915720615706,2.536138396857028,8.774744083573815,0.0,0.0
range expansion,0.44919413289716703,AMZN,2016-09-06,8.76203825710245,0.0210345294518343,4.089212351744478,3.2669514897113867,8.76203825710245,0.0,0.0
volume spike,0.45864709802912546,AAPL,2024-09-20,8.756524632127226,-0.0029245582258346,-0.2425115994099987,8.756524632127226,0.9418749580432076,0.0,0.0
price move with disclosure,0.6108953479763111,AMZN,2025-08-01,8.748334790175605,-0.0863165295078619,-8.748334790175605,4.130751807850989,3.2073000062515344,1.0,1.0
price move with disclosure,0.5575027448801709,TSLA,2019-07-25,8.675771279532169,-0.1463409274903572,-8.675771279532169,3.932890758543597,2.0183099828995625,1.0,0.0
range expansion,0.4511729882795827,MSFT,2005-10-13,8.647982689196724,0.0119448895811832,2.128718415576268,0.0631199455537093,8.647982689196724,0.0,0.0
volume spike,0.4236776336735314,ORCL,2002-11-29,8.635281515620223,0.0125949084087933,0.1037107608437805,-8.635281515620223,-1.6407341238248097,0.0,0.0
range expansion,0.4788641646501269,AAPL,2014-12-01,8.61273953900023,-0.0329677291144214,-4.556516920724192,2.7189667188292868,8.61273953900023,0.0,0.0
price move with disclosure,0.6223351998025947,INTC,2020-10-23,8.597273211253794,-0.1117409654652632,-8.597273211253794,6.139190224067143,-0.1106467555996198,1.0,1.0
price move with disclosure,0.5775648768930175,AMZN,2005-10-26,8.594060079308198,-0.1497203954185566,-8.594060079308198,5.980152302951055,2.0705247724019094,1.0,0.0
range expansion,0.4494370377910731,MSFT,2025-06-23,8.593408683579664,0.017853909995764,1.9261475083265225,1.2612654496421178,8.593408683579664,0.0,0.0
price move with disclosure,0.5778163168068138,NVDA,2003-11-07,8.579504263901514,0.1791165336526428,8.579504263901514,5.417846055531561,0.0962037092660187,1.0,0.0
range expansion with disclosure,0.6327475702460319,AMZN,2011-04-27,8.56985503797448,0.0756701084868482,5.011002336651286,5.460089677349887,8.56985503797448,2.0,1.0
range expansion,0.4800491625653826,MSFT,2010-05-06,8.568006169817656,-0.0295147334507213,-2.825558205318187,2.4258474392903997,8.568006169817656,0.0,0.0
range expansion with disclosure,0.6397359076466416,AMD,2012-10-19,8.476120403302463,-0.1838494409720077,-3.9824142515931538,3.468329821288448,8.476120403302463,1.0,0.0
range expansion,0.43325210659643565,ORCL,2007-02-26,8.466659654212195,0.0,0.0774076565079793,-0.6313816604623761,8.466659654212195,0.0,0.0
price move with disclosure,0.6371032874973267,INTC,2017-10-27,8.448469587583135,0.0711154187570114,8.448469587583135,4.596140926546517,6.633024730818531,1.0,1.0
range expansion with disclosure,0.514110462329295,NVDA,2010-05-06,8.447031130393935,-0.021125908955265,-0.5430355034771714,0.4134927629014599,8.447031130393935,1.0,0.0
range expansion,0.5447537153629047,TSLA,2015-08-24,8.406910818955387,-0.0529480483812963,-1.365630864678702,1.844746520759709,8.406910818955387,0.0,0.0
range expansion,0.4898970668277934,MSFT,2023-07-18,8.397336622946915,0.0390271177827574,2.629229221099703,3.42574047833109,8.397336622946915,0.0,0.0
range expansion with disclosure,0.6054314608044254,ORCL,2025-06-12,8.379021149620444,0.1249763629736087,7.942115877252012,6.055517683410131,8.379021149620444,1.0,0.0
range expansion,0.4987696100981877,ORCL,2005-12-16,8.329479783422421,-0.0109193533153469,-0.9526551629471036,4.227004873956845,8.329479783422421,0.0,0.0
range expansion with disclosure,0.4768133096980924,AAPL,2006-10-18,8.322552560487635,0.0031174541986433,0.1686614450665023,2.0889204013253178,8.322552560487635,1.0,0.0
volume spike with disclosure,0.6127966430947221,MSFT,2016-04-22,8.319362052484665,-0.0744072971222672,-7.878819345384916,8.319362052484665,3.6190013239820455,1.0,1.0
range expansion,0.5295996572734866,INTC,2025-04-03,8.302386188755523,0.0202663995566416,0.4437271071479979,2.448655040727179,8.302386188755523,0.0,0.0
range expansion,0.550092195306041,TSLA,2014-01-14,8.279186504849195,0.146160247829566,5.210649486918541,4.11322786304077,8.279186504849195,0.0,0.0
price move,0.6067389994542752,MSFT,2000-10-19,8.270358066188146,0.1786058944026344,8.270358066188146,3.5058274988873634,0.9543227402401686,0.0,0.0
range expansion,0.6038880855744861,TSLA,2020-02-03,8.230218989160884,0.1814757607341526,4.518368081968007,2.583637541646149,8.230218989160884,0.0,0.0
volume spike with disclosure,0.5666775208877387,INTC,2004-07-14,8.205282239713377,-0.1115273014542683,-7.778133766508044,8.205282239713377,3.1121447257534536,1.0,0.0
range expansion with disclosure,0.6548973419363149,AMZN,2004-10-22,8.182445774455962,-0.1316872076110772,-7.356959725827362,4.756867143720001,8.182445774455962,1.0,1.0
range expansion,0.49489416000558956,META,2017-06-09,8.179102459828298,-0.0335873311906004,-3.3421723627872177,3.435920096931346,8.179102459828298,0.0,0.0
range expansion with disclosure,0.6104980993896479,AMZN,2013-04-26,8.161432027412317,-0.0751614237055243,-4.929240050031382,6.6667479101435765,8.161432027412317,1.0,1.0
volume spike,0.43637603783375856,MSFT,2024-12-20,8.159996345546837,-0.0009843985090345,-0.2553762811708727,8.159996345546837,2.906909335672191,0.0,0.0
volume spike,0.4340615728418053,MSFT,2018-09-21,8.156390369856785,0.0061360788921301,0.2530864270558577,8.156390369856785,0.1869883497548991,0.0,0.0
range expansion,0.45132243402143657,MSFT,2011-01-06,8.128505942736266,0.0288680406691062,4.338919495641668,1.70921788835595,8.128505942736266,0.0,0.0
range expansion,0.47452284113558446,MSFT,2014-03-18,8.106803315713146,0.0386595947971636,4.766816670392953,3.4072641825245964,8.106803315713146,0.0,0.0
price move with disclosure,0.5291840157291551,GOOGL,2018-02-02,8.097678647776021,-0.054248062313757,-8.097678647776021,4.88480109171952,1.0513286732230371,1.0,0.0
price move,0.5868880444837234,AAPL,1998-01-02,8.095652255283156,0.2128659769651286,8.095652255283156,2.809956195608688,6.485258908034707,0.0,0.0
range expansion,0.4990948101937644,NVDA,2015-03-25,8.062411147416917,-0.0626582398519367,-4.295515153234374,1.6924536498536693,8.062411147416917,0.0,0.0
range expansion,0.560897575988626,NVDA,2009-12-07,8.00211978126047,0.1210912681701859,4.700753371258512,3.712629245100535,8.00211978126047,0.0,0.0
range expansion with disclosure,0.6025668611221644,AAPL,2024-08-05,7.998455896132114,-0.0493621216492698,-3.299691434818058,3.381129323900533,7.998455896132114,0.0,1.0
range expansion with disclosure,0.4881212460295782,ORCL,2019-07-31,7.95999863414769,-0.0209367699256322,-2.69031340112509,0.2960009368141186,7.95999863414769,1.0,0.0
range expansion,0.5198188882502295,INTC,2020-12-18,7.957869520256502,-0.0650850813487181,-4.789430658087175,4.452302099303757,7.957869520256502,0.0,0.0
price move with disclosure,0.6209966164404135,INTC,2018-07-27,7.954464612973074,-0.089817923137785,-7.954464612973074,4.803688569092167,2.628543223561926,1.0,1.0
range expansion,0.4836704125452021,MSFT,2017-12-04,7.942654344548994,-0.038454124379022,-5.014403692964323,2.3171063822170748,7.942654344548994,0.0,0.0
range expansion,0.4422871465569516,MSFT,2016-11-16,7.937885490817267,0.0131497051693773,0.7575070489512938,-0.6584821348433464,7.937885490817267,0.0,0.0
price move with disclosure,0.6469695725679386,META,2025-10-30,7.936629981610705,-0.1203022704957233,-7.936629981610705,5.92707010153813,2.9666603664308764,1.0,1.0
price move with disclosure,0.5522492315454447,GOOGL,2010-10-15,7.919621573417611,0.106086083958732,7.919621573417611,4.711270073621726,-0.198685740278919,1.0,0.0
range expansion,0.4978930033766449,AMD,2017-12-04,7.90379659712471,-0.067462954668763,-2.679813557083724,1.7086912427322998,7.90379659712471,0.0,0.0
volume spike with disclosure,0.5590054453563624,ORCL,2013-06-21,7.886293180571219,-0.0969853507868296,-6.541979496904243,7.886293180571219,1.412896539656116,1.0,0.0
price move with disclosure,0.5926642364254477,AMD,2011-07-22,7.883790948901013,0.1758906664636642,7.883790948901013,3.927853727000001,4.555758592703326,1.0,0.0
range expansion,0.5757953259104439,TSLA,2013-07-16,7.87982327090497,-0.1544257451570081,-6.082138835216187,5.356610468126854,7.87982327090497,0.0,0.0
range expansion,0.46599588341983955,GOOGL,2006-09-19,7.8792557350119425,-0.0265955120268937,-2.269188239747931,3.528972675467536,7.8792557350119425,0.0,0.0
range expansion,0.46592381477803113,MSFT,2006-01-03,7.867104713495836,0.0261251496134713,6.242424076787839,0.995058656348234,7.867104713495836,0.0,0.0
price move with disclosure,0.6009459106249018,MSFT,2024-10-31,7.8609180002305905,-0.0624375604306447,-7.8609180002305905,5.566108257234512,1.982243985758952,1.0,1.0
range expansion,0.5320343973462168,AAPL,2013-08-13,7.857777620692648,0.0464878121086039,2.7440958193687752,4.413232440563166,7.857777620692648,0.0,0.0
range expansion with disclosure,0.5807437974471602,AAPL,2024-02-02,7.849778613972901,-0.0054163941343204,-0.4307995567702704,3.3717178808365733,7.849778613972901,1.0,1.0
range expansion,0.5950536502744921,MSFT,1998-08-31,7.845228705999156,-0.092620094727854,-4.1651870149633625,2.5063334831149646,7.845228705999156,0.0,0.0
price move with disclosure,0.5638642188698748,GOOGL,2005-10-21,7.831996789154991,0.1142592914159284,7.831996789154991,4.379992511775364,2.114363841392141,1.0,0.0
range expansion,0.5149834616676787,TSLA,2015-10-20,7.814104733718485,-0.0683533204468712,-2.9456635657194723,3.7561035142668335,7.814104733718485,0.0,0.0
price move with disclosure,0.64083362903502,TSLA,2021-10-25,7.766183623287319,0.1192173082744996,7.766183623287319,4.42594609735953,6.926064052135124,0.0,1.0
range expansion with disclosure,0.580729331970812,NVDA,2024-11-21,7.754812310832758,0.0053326167251739,0.1921505459836783,3.5603088775632306,7.754812310832758,1.0,1.0
range expansion,0.5032616518258527,INTC,2022-10-13,7.738170926574979,0.0421376650201773,2.302958648798427,2.0767841668489755,7.738170926574979,0.0,0.0
volume spike,0.4177581847834115,ORCL,2003-11-28,7.729249716086904,-0.0016502302279442,-0.1090854084464927,-7.729249716086904,-2.8982694232973865,0.0,0.0
range expansion,0.5073675948262254,INTC,2014-10-10,7.702812406575345,-0.052251517685534,-3.830424213053992,5.021005133749881,7.702812406575345,0.0,0.0
price move with disclosure,0.5615184775850994,AMZN,2006-02-03,7.692917316986062,-0.1089023704985377,-7.692917316986062,4.003460658020888,0.1133763281515281,1.0,0.0
price move with disclosure,0.562620865177698,AMD,2013-10-18,7.684511038125513,-0.1472470991095049,-7.684511038125513,2.7384551148097303,1.0019766191510426,1.0,0.0
range expansion,0.5857024326687009,AMD,1998-10-07,7.676249022365559,-0.2322391167986949,-5.216234315337446,2.51252572655084,7.676249022365559,0.0,0.0
price move with disclosure,0.647880096395045,TSLA,2024-10-24,7.672272386102635,0.1981869207241416,7.672272386102635,3.7923582958388127,3.5491690176560247,1.0,1.0
range expansion with disclosure,0.5429095108668781,MSFT,2010-09-13,7.655829470004422,0.0515235104042919,5.614076494581382,4.718571675802392,7.655829470004422,1.0,0.0
price move with disclosure,0.5720847743938959,NVDA,2015-11-06,7.648005218103742,0.1297383086386267,7.648005218103742,3.81606748713275,5.135585738667583,1.0,0.0
price move with disclosure,0.5825076931953128,ORCL,2005-09-23,7.639485051701163,-0.0824298778827476,-7.639485051701163,3.402675928794467,0.6199713741705171,1.0,0.0
volume spike,0.5000418405408458,ORCL,2016-06-02,7.632784602507572,-0.0405110409063434,-4.198046868460877,7.632784602507572,3.251651612391057,0.0,0.0
volume spike with disclosure,0.6063412831667988,INTC,2023-01-27,7.630379806877813,-0.0662954654271119,-3.7524034720160473,7.630379806877813,2.56035265347068,1.0,0.0
price move with disclosure,0.6185791339232446,AMD,1996-07-26,7.615688772700133,0.1647070100929724,7.615688772700133,0.763601351270634,5.367449055217785,1.0,0.0
price move with disclosure,0.5761307008516713,ORCL,2014-12-18,7.613538207084402,0.0969405195268545,7.613538207084402,6.123199207286095,4.233891037431533,1.0,0.0
range expansion,0.43191055204461476,MSFT,2005-03-07,7.610718748292823,0.0116748839031615,2.9239968433232235,0.9169601047496324,7.610718748292823,0.0,0.0
range expansion,0.5967538078332474,AMZN,2001-09-05,7.60056315228279,-0.1158930881577194,-2.455238046332434,4.994623221082157,7.60056315228279,0.0,0.0
range expansion,0.5672594504092112,AMZN,1999-11-08,7.570689481745507,0.1832450600148918,5.42200790972374,2.945969136504773,7.570689481745507,0.0,0.0
range expansion,0.543600130941372,AMD,1995-01-06,7.558533391257682,0.0892311337279426,4.293486831564498,3.940921199006622,7.558533391257682,0.0,0.0
volume spike with disclosure,0.6595864298830634,AMZN,2002-04-24,7.555523805371812,0.1774495847069306,5.411038860651408,7.555523805371812,4.23487337966507,0.0,1.0
price move with disclosure,0.6198874471391432,MSFT,2015-01-27,7.548588097548705,-0.0971682983733189,-7.548588097548705,5.010653861539301,0.9343622881695628,1.0,1.0
range expansion with disclosure,0.5093971091001895,ORCL,2018-09-18,7.521134404270791,-0.0030298283978946,-0.5080653051682119,2.792682859263336,7.521134404270791,1.0,0.0
range expansion with disclosure,0.4982936852311884,AMZN,2012-03-20,7.512395497990489,0.0360499537199995,2.765347498301295,2.826014496852965,7.512395497990489,1.0,0.0
price move with disclosure,0.5693310901714912,INTC,2011-04-20,7.497226604695951,0.0747038612886943,7.497226604695951,4.846511217286239,0.9504625926085906,2.0,0.0
range expansion,0.41921676177592215,MSFT,2014-06-17,7.491357837731489,0.0042899476173328,0.2251890944754067,-0.0151300192476496,7.491357837731489,0.0,0.0
range expansion with disclosure,0.6497275053331525,AMD,1997-10-27,7.471241170189728,-0.2212369730436281,-3.9656490168252407,0.5545750827464301,7.471241170189728,1.0,0.0
price move with disclosure,0.5674742692936716,TSLA,2019-10-24,7.467439494554035,0.1627070887458344,7.467439494554035,4.245904359486531,1.6538713756171932,1.0,0.0
price move with disclosure,0.6221617533346642,ORCL,2024-03-12,7.4606203137809635,0.111091891321617,7.4606203137809635,5.956424738870342,3.1854013213520744,1.0,1.0
volume spike,0.5108009811701691,AAPL,2008-11-28,7.459879020119009,-0.0249906304575755,-0.4429030791854624,-7.459879020119009,-1.309386956995422,0.0,0.0
price move with disclosure,0.6388373289472716,AMZN,2015-01-30,7.414189816891912,0.1284951577411822,7.414189816891912,3.676402174068925,2.2037041313452197,1.0,0.0
range expansion with disclosure,0.4843731270861075,INTC,2015-10-14,7.405434269382296,0.0234676803673234,1.4234962126935418,3.6423478040118473,7.405434269382296,1.0,0.0
range expansion,0.49046330739618554,AMZN,2019-06-03,7.401258473145599,-0.0475208792954223,-2.796600851063596,3.2853563969362733,7.401258473145599,0.0,0.0
range expansion with disclosure,0.5869088360072614,MSFT,2010-01-29,7.397448266651525,-0.0341470134239321,-2.2205487446250785,3.63743781276447,7.397448266651525,1.0,1.0
range expansion,0.44918348580649964,AAPL,2023-06-05,7.394158201788978,-0.0076038728370664,-0.8922339022630006,2.774664324057325,7.394158201788978,0.0,0.0
price move,0.580774365095741,AAPL,1996-07-18,7.390399933831139,0.2128854856748657,7.390399933831139,3.958964373362727,0.9739984512219668,0.0,0.0
range expansion with disclosure,0.6180964224018086,TSLA,2018-08-07,7.380309720724328,0.104260315496513,2.4886826498294807,3.623032541466171,7.380309720724328,0.0,1.0
volume spike with disclosure,0.6249371893578082,MSFT,2009-10-23,7.376128433096308,0.0524502259997679,3.791404958131437,7.376128433096308,5.595112531199294,1.0,1.0
range expansion,0.4942567601502231,AAPL,2002-10-16,7.373594709908173,-0.040513882364994,-2.1996933145108803,0.4117124841673071,7.373594709908173,0.0,0.0
price move with disclosure,0.6235031733173299,GOOGL,2023-10-25,7.368692216779936,-0.0999141330675174,-7.368692216779936,6.901921779629484,0.9155709401800092,1.0,1.0
volume spike with disclosure,0.5400620149578764,ORCL,2014-06-20,7.362522751285481,-0.0405319967301843,-5.307069289782506,7.362522751285481,3.562076216434306,1.0,0.0
price move with disclosure,0.5789790179701769,GOOGL,2011-04-15,7.3597223720048754,-0.086284913246813,-7.3597223720048754,4.888427729387424,3.409093433663412,1.0,0.0
range expansion,0.428681246116575,INTC,2007-09-28,7.356971232161401,0.0038432381865219,0.0257508820534871,-1.850021231388163,7.356971232161401,0.0,0.0
range expansion,0.5352472714418494,AMD,1998-02-26,7.350934216869352,0.1435909196122559,5.712775599332114,2.8853825745588457,7.350934216869352,0.0,0.0
price move with disclosure,0.6685879850656731,AMZN,2001-07-24,7.340103341806818,-0.2845677753224223,-7.340103341806818,4.649485027138611,5.331728354254599,0.0,1.0
range expansion,0.5194698901696809,TSLA,2012-05-08,7.339701406858301,-0.0728057261016197,-2.9704970412553013,3.351849123871613,7.339701406858301,0.0,0.0
range expansion,0.48015662193678665,META,2016-11-10,7.282804792895068,-0.0195104147581827,-1.0659162207476902,2.6026369390088604,7.282804792895068,0.0,0.0
range expansion with disclosure,0.4734519083096087,INTC,2010-07-13,7.267610439147837,0.0210663870053998,1.3126444026165855,2.36882802032098,7.267610439147837,1.0,0.0
range expansion,0.4726661500295942,AAPL,2012-02-15,7.267305671908087,-0.0233498915753861,-1.961569476679448,3.29858402060303,7.267305671908087,0.0,0.0
volume spike,0.4784625385298228,MSFT,2001-11-23,7.257747903042827,0.0105387207594135,0.3330788164340188,-7.257747903042827,-1.3784789006092883,0.0,0.0
range expansion,0.5277812530619344,NVDA,2017-06-09,7.250543280307242,-0.0667507525139795,-2.038230661254912,3.6938943882856328,7.250543280307242,0.0,0.0
price move with disclosure,0.6230633046695153,NVDA,2003-08-08,7.247246201866456,-0.2179849338819929,-7.247246201866456,3.780823874030528,2.083268700279461,1.0,0.0
volume spike with disclosure,0.5671396768145833,MSFT,2003-10-24,7.222738456863772,-0.0825435124478716,-5.965350894002594,7.222738456863772,2.465284366804963,2.0,0.0
price move,0.6246784140610648,AAPL,1997-01-06,7.222325563766313,-0.1967932424548139,-7.222325563766313,4.612405516176255,1.2253845574425193,0.0,0.0
range expansion,0.497850962268507,INTC,2001-09-19,7.201700793567168,-0.0546514932489189,-1.175658658057563,1.893368394533252,7.201700793567168,0.0,0.0
range expansion,0.49397201597885015,TSLA,2021-03-01,7.198337048980759,0.0616150297205965,1.905905605722152,0.1299877640824377,7.198337048980759,0.0,0.0
range expansion,0.4812742765548734,AMD,2015-06-17,7.18559092959874,0.0498028224838183,3.1540687502847304,3.604662759882784,7.18559092959874,0.0,0.0
price move with disclosure,0.5816019443664389,GOOGL,2008-04-18,7.182106420571712,0.1822337388538836,7.182106420571712,3.913684359250013,0.9401899803312512,1.0,0.0
range expansion,0.4566751895911306,MSFT,2025-04-07,7.175886068939102,-0.0055176397472896,-0.051229290304766,2.395237352060868,7.175886068939102,0.0,0.0
volume spike with disclosure,0.5658982809132433,ORCL,2005-06-29,7.157887926614026,0.0564089590025222,5.0648971757246,7.157887926614026,3.0803405907790826,1.0,0.0
range expansion,0.4796115367611186,MSFT,2013-04-09,7.1503016805694,0.0352091353404516,6.81299902216027,2.273264791878098,7.1503016805694,0.0,0.0
range expansion with disclosure,0.5333568014483729,NVDA,2005-11-10,7.14755271198412,-0.0378692969542638,-1.838807460079084,5.268642649656141,7.14755271198412,1.0,0.0
range expansion,0.47398072790267315,MSFT,2017-06-09,7.138894692140221,-0.0229094012927071,-2.318965591100238,2.550703039109803,7.138894692140221,0.0,0.0
range expansion with disclosure,0.5128304422435745,GOOGL,2011-01-21,7.134407091352429,-0.0240894279879956,-2.8701651478936,3.358933091334072,7.134407091352429,2.0,0.0
price move with disclosure,0.6299020905732103,MSFT,2007-10-26,7.1303323609465785,0.0907710412794599,7.1303323609465785,4.308155895677206,3.8505414114530105,1.0,1.0
price move with disclosure,0.6272752540915342,MSFT,2015-04-24,7.118805914884211,0.0993907896226103,7.118805914884211,6.113819532303666,4.209909798480245,1.0,1.0
price move with disclosure,0.5985930548292523,GOOGL,2024-01-31,7.116476824220112,-0.0779653023692689,-7.116476824220112,5.961887011680531,2.229894835711862,1.0,0.0
range expansion,0.5785146810208249,AAPL,1998-01-06,7.114014748248533,0.1766046422302035,3.4111812885905537,3.9044410136680554,7.114014748248533,0.0,0.0
price move with disclosure,0.6491201139177584,MSFT,2026-01-29,7.107244286007641,-0.1052843881927302,-7.107244286007641,5.092416958753813,3.476071712647536,1.0,1.0
volume spike with disclosure,0.5041262027425416,INTC,2016-09-16,7.107098858829441,0.0296930451919471,2.563624723100942,7.107098858829441,1.099211982495448,2.0,0.0
range expansion with disclosure,0.5791808108286205,AMZN,2013-07-26,7.100268303881533,0.0279831716634704,2.0893718178057923,3.709439987905968,7.100268303881533,1.0,1.0
volume spike with disclosure,0.5595106881735527,GOOGL,2016-04-22,7.099687376063882,-0.0571204745251628,-6.994957067787385,7.099687376063882,3.6271738019277096,1.0,0.0
range expansion,0.47420498099614916,ORCL,2004-01-12,7.099047551177038,0.0340116144115519,2.080384869457431,1.024061452350027,7.099047551177038,0.0,0.0
price move with disclosure,0.5448146648504132,INTC,2014-06-13,7.093225756896073,0.0661549351821975,7.093225756896073,5.437453667337673,0.699411065409203,1.0,0.0
range expansion with disclosure,0.5086315463274681,ORCL,2018-02-05,7.080671367462441,-0.0415566034730088,-3.748820218609772,1.468467122113369,7.080671367462441,1.0,0.0
price move with disclosure,0.6048599584376976,AMD,2006-07-21,7.077237242472844,-0.1702925792816763,-7.077237242472844,2.678280101676074,3.3792846128666083,1.0,0.0
range expansion,0.5589132100547194,META,2026-03-26,7.076185834147259,-0.0829409961220734,-4.629294543349478,4.917069867372674,7.076185834147259,0.0,0.0
volume spike with disclosure,0.5464742851895231,NVDA,2021-04-12,7.074090898937466,0.0546373852325746,2.151074809201581,7.074090898937466,6.446591524648458,1.0,0.0
range expansion,0.4933779287283993,GOOGL,2015-08-24,7.060250383814954,-0.0410782462088695,-2.120792753435322,2.650657789382367,7.060250383814954,0.0,0.0
range expansion,0.44262639863187647,ORCL,2016-11-09,7.058329424005647,0.0106163411003749,1.2884862837215103,2.6901349078522028,7.058329424005647,0.0,0.0
price move with disclosure,0.6145622322535143,TSLA,2024-01-25,7.0553948306066125,-0.1292581896270314,-7.0553948306066125,5.875350478368614,3.5819215366025,1.0,0.0
range expansion,0.47694165340702166,META,2017-11-29,7.046497178495624,-0.0407831654674392,-5.046411613851598,2.602068737313002,7.046497178495624,0.0,0.0
range expansion,0.5126909424277126,TSLA,2021-03-04,7.036893965705227,-0.0498408553430405,-0.9646514387703669,2.5094824310774717,7.036893965705227,0.0,0.0
price move with disclosure,0.6210432882633659,INTC,2025-09-18,7.035975010381474,0.2051513324320812,7.035975010381474,3.682667410149477,2.320360100283153,1.0,0.0
range expansion,0.4411277376676525,AAPL,2010-09-28,7.0355309439655525,-0.0148704329457714,-2.263605768026009,2.9030422256676256,7.0355309439655525,0.0,0.0
volume spike with disclosure,0.4533833381500788,ORCL,2014-06-19,7.029071260499849,-0.0070597042112658,-0.9315065594153824,7.029071260499849,1.703555828983363,1.0,0.0
range expansion,0.4439499971688433,AAPL,2017-07-27,7.023345728863377,-0.0192063011077272,-2.649183623383351,2.353061891839527,7.023345728863377,0.0,0.0
volume spike with disclosure,0.5394749925426837,INTC,2001-01-17,7.019566626147316,-0.0284019061657374,-0.5900359714656246,-7.019566626147316,1.2074904896747831,1.0,0.0
price move with disclosure,0.5411191403573952,GOOGL,2007-07-20,7.0112354543315885,-0.0533003711031303,-7.0112354543315885,3.422183264461247,2.7227588261164968,2.0,0.0
volume spike with disclosure,0.4899934547487773,AMZN,2017-07-27,7.006654756043425,-0.0064799159461846,-0.8190165784572252,7.006654756043425,4.889495365580049,1.0,0.0
range expansion,0.5726249613404238,AMD,2000-03-07,6.993626837693409,0.1466034741918754,2.8658074078553195,2.91477319974802,6.993626837693409,0.0,0.0
range expansion,0.4752824111579224,AMD,2018-06-07,6.982576569951053,-0.0510582096720117,-3.48263991267678,2.675992530597737,6.982576569951053,0.0,0.0
range expansion,0.529415608521263,AAPL,2014-04-28,6.976153660716838,0.0380633088644595,1.815931408717086,2.832064493380089,6.976153660716838,0.0,0.0
range expansion,0.4939550738290288,MSFT,2012-10-22,6.973535784111135,-0.0224554979804803,-1.8283855417580304,1.9729305249177835,6.973535784111135,0.0,0.0
volume spike,0.42382696259083286,AAPL,2018-06-15,6.962426065213583,-0.0103691528106949,-1.7111095900468007,6.962426065213583,-0.3415467700635,0.0,0.0
volume spike,0.4377036667014915,MSFT,2024-09-20,6.9357819786411365,-0.0078283940299284,-0.7773405014595398,6.9357819786411365,-1.0105575177008268,0.0,0.0
range expansion with disclosure,0.5536494348817849,NVDA,2017-02-10,6.935576346196732,-0.0241041012351292,-1.5947458408064348,6.088756618036382,6.935576346196732,1.0,0.0
volume spike with disclosure,0.6661064960300345,AMZN,2022-04-29,6.934899742970251,-0.1513904697354831,-5.59162663258054,6.934899742970251,3.875718818309057,1.0,1.0
price move with disclosure,0.5776873454019836,GOOGL,2011-07-15,6.923069644598259,0.1220805380345594,6.923069644598259,4.8372193041718585,-0.052523600133568,1.0,0.0
range expansion with disclosure,0.6013079784141597,AAPL,2025-08-01,6.920516872364534,-0.0253202860994355,-2.856503310723168,4.291676754396899,6.920516872364534,1.0,1.0
range expansion,0.5940445111675718,AMZN,1998-08-31,6.917151037176068,-0.2345396860450793,-5.113173735518652,2.720863371408538,6.917151037176068,0.0,0.0
price move with disclosure,0.6121257744319584,AMZN,2016-04-29,6.912417512375138,0.0913609845582414,6.912417512375138,4.882857977519767,0.5930337543146296,1.0,1.0
price move with disclosure,0.5802110778441215,ORCL,2024-06-12,6.9052801241785,0.1250396761972734,6.9052801241785,4.132057375220676,2.913147576714531,1.0,0.0
range expansion,0.5108973234267601,MSFT,1999-08-24,6.893792769606662,0.0642770105000741,3.5186577136400605,4.295778716207216,6.893792769606662,0.0,0.0
range expansion,0.47318008118951604,ORCL,2020-02-25,6.880038693548889,-0.0326362510432193,-2.2025859922433715,2.724602640606587,6.880038693548889,0.0,0.0
range expansion,0.5341570362109508,AMZN,2025-04-07,6.878654024377386,0.0246070291250447,1.123791542163276,2.289002732452308,6.878654024377386,0.0,0.0
price move with disclosure,0.5587546822552915,AMD,2014-07-18,6.872725807979147,-0.1766484017135587,-6.872725807979147,2.347737208212439,0.2615321277054699,1.0,0.0
range expansion,0.4943553688398146,MSFT,2008-09-19,6.859331369963244,-0.0039122024783426,-0.007976384658861,2.0979301545252778,6.859331369963244,0.0,0.0
volume spike with disclosure,0.5384965650954887,MSFT,2013-08-23,6.857886468343354,0.0703879519352881,5.839436686196897,6.857886468343354,1.4967238314211553,1.0,0.0
volume spike,0.42257308294819057,ORCL,2013-03-15,6.854311836365541,0.0012317512526641,-0.0306158079051966,6.854311836365541,-1.2299205736994336,0.0,0.0
range expansion with disclosure,0.5292554811843183,ORCL,2020-09-11,6.8460170641651255,-0.0057680133136893,-0.5109406025949438,3.2864848909699105,6.8460170641651255,1.0,0.0
price move,0.5933060442757859,INTC,2000-09-22,6.837694864615158,-0.2493250127407161,-6.837694864615158,4.56088235391662,1.5205928724167936,0.0,0.0
range expansion,0.5283067173327265,NVDA,2022-08-26,6.833739669554011,-0.0968194147835089,-3.040712667084097,1.8934254515516864,6.833739669554011,0.0,0.0
price move with disclosure,0.5671632250508714,AMD,2015-07-07,6.825746103215122,-0.1670540846631663,-6.825746103215122,1.5644052188143387,0.8719604571144561,1.0,0.0
range expansion,0.5737310705983503,ORCL,2025-01-27,6.821422296936374,-0.1483938616691665,-5.783538055616914,2.3625125317277527,6.821422296936374,0.0,0.0
price move with disclosure,0.5539838744947367,AMD,2007-06-21,6.8119372107210925,0.076200460885414,6.8119372107210925,3.765943647951381,6.536835163044221,1.0,0.0
range expansion,0.6044260245950868,INTC,1997-05-30,6.801971401738341,-0.0779004007395166,-3.64211333348931,4.978175695279512,6.801971401738341,0.0,0.0
range expansion,0.5294291784074807,AMD,2018-02-05,6.795034286282351,-0.0733050817051313,-2.350622627257675,1.9615535605387648,6.795034286282351,0.0,0.0
range expansion,0.5130723963089987,MSFT,2018-02-05,6.779679628647671,-0.0420597435932239,-3.5550245235741293,1.945548861680368,6.779679628647671,0.0,0.0
volume spike with disclosure,0.6067064348394196,INTC,2002-06-07,6.7776423715564444,-0.2048197926738615,-5.348127559516905,6.7776423715564444,0.6214717744471268,1.0,0.0
range expansion,0.4838115190272457,INTC,1996-07-16,6.772656291789209,0.0114896970009883,0.7367901570412688,2.8487889436556078,6.772656291789209,0.0,0.0
range expansion,0.4685886067417302,INTC,2018-09-28,6.771855718914951,0.0303169861605163,2.6943704238945374,2.57382811489261,6.771855718914951,0.0,0.0
range expansion,0.5715490828018385,AMZN,1999-09-29,6.771844090935769,0.2035230567933261,5.013497655962516,4.379416212406813,6.771844090935769,0.0,0.0
range expansion,0.5391818119966066,NVDA,2024-03-08,6.766647420539211,-0.0570754331928354,-1.83093067200926,3.2866848363513497,6.766647420539211,0.0,0.0
range expansion with disclosure,0.5859842560374648,NVDA,2015-05-08,6.763609945597035,-0.0767197671047491,-6.225590028961928,5.986184774128311,6.763609945597035,1.0,0.0
price move,0.570464671768059,NVDA,2003-02-14,6.762118054671128,0.19775337651122,6.762118054671128,4.257269661322691,1.697735431727862,0.0,0.0
price move with disclosure,0.5959152415896662,AMD,2014-10-09,6.758574402806779,-0.1060382520443237,-6.758574402806779,2.8173000852460905,4.683375448933518,1.0,0.0
price move,0.48948588079294214,INTC,2016-06-24,6.752862633333021,-0.0446862233397255,-6.752862633333021,2.526883387533869,4.341868645776571,0.0,0.0
range expansion,0.4549711506913646,MSFT,2008-09-11,6.7524743563350205,0.0334513013722291,2.680748409501714,1.279146374301676,6.7524743563350205,0.0,0.0
range expansion with disclosure,0.5395748849963796,AAPL,2006-01-10,6.735119285637135,0.0613662818527381,3.5023175999677743,3.966502568909708,6.735119285637135,1.0,0.0
price move with disclosure,0.6312633552287703,AMZN,2014-01-31,6.734998295859579,-0.1165028698349374,-6.734998295859579,4.375899901552466,3.203748131182871,1.0,0.0
range expansion,0.47121256003297,AAPL,2014-09-09,6.731582835326101,-0.0038057279579241,-0.4688589093761043,3.861309872642624,6.731582835326101,0.0,0.0
volume spike with disclosure,0.5652595739949317,ORCL,2011-12-21,6.719227233111435,-0.1239260181594726,-5.167022837836353,6.719227233111435,1.7598665734038117,1.0,0.0
range expansion,0.5510474245172464,NVDA,2025-04-07,6.717484402076174,0.0347000169689659,1.1169349821259014,3.2178653998365183,6.717484402076174,0.0,0.0
price move with disclosure,0.5280357212936154,INTC,2016-10-19,6.717264354486652,-0.0610838325311676,-6.717264354486652,5.710747902047154,2.1363121998752312,1.0,0.0
range expansion with disclosure,0.5014864562540178,ORCL,2019-03-15,6.716045327853566,-0.0020516455017777,-0.8237053875054938,3.869044936897125,6.716045327853566,1.0,0.0
range expansion,0.5690373911209122,AAPL,1997-07-11,6.715798300250862,0.1354617675314709,5.506991108451578,3.005801147969441,6.715798300250862,0.0,0.0
range expansion with disclosure,0.5589107464095265,ORCL,2015-06-18,6.715140481979703,-0.0494802759619687,-4.769417893522749,5.856562946710166,6.715140481979703,1.0,0.0
range expansion,0.5596777645686228,AMD,1997-08-18,6.710484561713646,0.125163142954006,4.3896413195547925,2.271432522755501,6.710484561713646,0.0,0.0
range expansion,0.4988219687033789,ORCL,2008-09-08,6.709432340911115,-0.0411412484944088,-1.7640610201125124,2.9121696201513902,6.709432340911115,0.0,0.0
range expansion,0.49306646295369905,INTC,2025-02-11,6.700203485959196,0.0589272077313029,2.1039124572783683,2.281110665629738,6.700203485959196,0.0,0.0
range expansion,0.5714018014658653,AMD,1998-08-31,6.700034822300815,-0.1550294145059471,-3.3971711587183755,0.1718105509717739,6.700034822300815,0.0,0.0
range expansion,0.5602124217327445,AMD,2013-04-08,6.697000219291184,0.1231060581452979,5.378236849821922,3.39521610383668,6.697000219291184,0.0,0.0
range expansion,0.5586902690871228,AMD,2025-06-16,6.690308975659204,0.0844038135825489,3.836030171743415,5.468756938834125,6.690308975659204,0.0,0.0
price move with disclosure,0.6417164128625453,META,2016-01-28,6.689927557574654,0.1442859537194888,6.689927557574654,3.187483615558218,1.2934825653817603,1.0,0.0
range expansion,0.4524539484604522,INTC,2003-05-02,6.687354986038934,0.0264323384258395,0.7483437472549608,0.1887199317097866,6.687354986038934,0.0,0.0
range expansion with disclosure,0.5845405907789086,MSFT,2011-04-29,6.685350311023573,-0.029972578066112,-3.143046984445232,6.510732293382458,6.685350311023573,1.0,1.0
volume spike with disclosure,0.5472795963781099,INTC,2004-09-03,6.682325969625307,-0.0758432294785268,-3.969151314289415,6.682325969625307,-1.1603680537301493,1.0,0.0
range expansion,0.5067468223043831,AAPL,2020-01-31,6.679437560973497,-0.0452863971384561,-3.5413894483618784,2.063195924397317,6.679437560973497,0.0,0.0
range expansion,0.5284274774213283,AMD,1995-03-06,6.676198169154207,0.0834070054419539,3.745957664676144,3.75052935158457,6.676198169154207,0.0,0.0
range expansion,0.5258832612239779,AMZN,2010-06-29,6.67550304090525,-0.0812247869255415,-3.5740365295546144,3.0696092568602658,6.67550304090525,0.0,0.0
price move with disclosure,0.623433864875926,GOOGL,2024-04-26,6.673614006359502,0.0973451798069484,6.673614006359502,3.8016526655066185,1.2624718136003166,1.0,1.0
range expansion with disclosure,0.5718481698646597,MSFT,2024-01-31,6.664638255189183,-0.0273203476162102,-3.723670813426864,4.631898148792503,6.664638255189183,1.0,1.0
range expansion,0.5025760854605947,MSFT,2022-10-13,6.663823587285186,0.0369159099053545,2.17822278226085,2.120919236692419,6.663823587285186,0.0,0.0
volume spike,0.4146437181267285,AAPL,2003-11-28,6.657190273603516,0.0095024166318581,0.7634753431051313,-6.657190273603516,-0.5715573702413312,0.0,0.0
volume spike,0.5061470479463848,ORCL,2010-09-07,6.654946716024476,0.0568249578925768,3.872411926749388,6.654946716024476,1.4903868622398853,0.0,0.0
price move with disclosure,0.6334417010725637,TSLA,2013-04-01,6.64958418181708,0.1479113711308994,6.64958418181708,5.491810322470595,5.915666153903525,1.0,0.0
range expansion,0.4795537329454853,GOOGL,2012-05-18,6.642694907950819,-0.0370110002053946,-3.0667220417882874,3.6453358429850975,6.642694907950819,0.0,0.0
range expansion,0.5224724585693402,TSLA,2024-12-18,6.634521668005064,-0.0864242568726129,-3.627640993694593,1.981830404649847,6.634521668005064,0.0,0.0
range expansion with disclosure,0.5224835532287792,AAPL,2008-07-22,6.6293349641363495,-0.0258934669934508,-0.8383266493457793,3.875320252131925,6.6293349641363495,1.0,0.0
volume spike,0.44960196120066637,ORCL,2019-05-28,6.627799761834149,-0.0195484422354329,-1.7560652435387083,6.627799761834149,2.4012147491030404,0.0,0.0
range expansion,0.5450942518947383,MSFT,1999-12-15,6.623101364723118,0.0944309477083508,4.8069712582486455,3.139881922387015,6.623101364723118,0.0,0.0
range expansion,0.4923207515722376,INTC,1999-09-23,6.619477503856255,-0.0663248742292565,-3.0048775749334014,2.361839405033164,6.619477503856255,0.0,0.0
price move,0.5701368012781158,AMD,2003-08-18,6.618832559962431,0.1330505077871718,6.618832559962431,5.020152687296737,2.512051066800322,0.0,0.0
range expansion,0.4385801948806285,AAPL,2015-07-09,6.605982801399808,-0.020465679487764,-2.030797162480921,2.815030458355699,6.605982801399808,0.0,0.0
range expansion with disclosure,0.49278234395150006,INTC,2012-09-10,6.59556329028506,-0.0392115465922845,-2.3114006781522063,2.5122889910613466,6.59556329028506,1.0,0.0
price move with disclosure,0.6025269727807246,AAPL,2016-07-27,6.590846604480052,0.0628885783408612,6.590846604480052,5.087728229462075,0.824092727263338,1.0,1.0
volume spike with disclosure,0.6010178263932573,NVDA,2009-05-08,6.580688680627515,-0.1485710470354563,-3.9558646048119113,6.580688680627515,4.840472505349456,1.0,0.0
price move with disclosure,0.5990975180426121,AAPL,2004-10-14,6.574753286462233,0.1233502880925252,6.574753286462233,5.7510332778771645,5.401834662047843,1.0,0.0
price move with disclosure,0.5317546533568923,GOOGL,2025-09-03,6.574373582515075,0.0874292377849937,6.574373582515075,5.138994815779828,1.0602374081930068,1.0,0.0
price move,0.5393882428557216,MSFT,2025-04-09,6.567572233964348,0.0965247766383586,6.567572233964348,1.9723423990357327,4.732953897741175,0.0,0.0
range expansion,0.5357548679490304,GOOGL,2006-01-20,6.55838307591643,-0.0885381180962476,-4.379472370159065,3.4636643522307384,6.55838307591643,0.0,0.0
range expansion with disclosure,0.6362520852806592,AMZN,2007-04-26,6.555538967159093,0.0999241848447719,1.5561375750608406,2.9379553585435603,6.555538967159093,0.0,1.0
volume spike with disclosure,0.5051304607155628,ORCL,2009-09-16,6.5537374147443375,-0.0238371000044124,-2.177190355235856,6.5537374147443375,1.4043459276368149,1.0,0.0
price move with disclosure,0.5672175395705791,AMZN,2005-02-03,6.552632323642516,-0.1582581168623193,-6.552632323642516,4.776546247815664,0.3010629553327131,1.0,0.0
volume spike with disclosure,0.5160871707422757,NVDA,2016-08-12,6.545175847354326,0.0544240914009819,3.8205767123421386,6.545175847354326,3.833209028707477,1.0,0.0
price move with disclosure,0.5294228029494571,AMD,2014-01-22,6.527201870260125,-0.1277243737442312,-6.527201870260125,1.93209535760037,0.7984661353927588,1.0,0.0
volume spike with disclosure,0.5222913817403922,MSFT,2016-06-13,6.521871026403731,-0.0263850831807679,-2.3472883746613293,6.521871026403731,3.4137193326027417,1.0,0.0
volume spike,0.4907133033691581,NVDA,2022-11-25,6.52147467744477,-0.0151849715521888,-0.6134677799250926,-6.52147467744477,-1.8010301570646357,0.0,0.0
range expansion,0.5540679261055561,MSFT,1997-07-16,6.514061681492062,0.0698596026914833,3.59225357890785,3.534089825961668,6.514061681492062,0.0,0.0
price move with disclosure,0.643976669781719,INTC,2020-01-24,6.5112898136636845,0.0781984761687947,6.5112898136636845,3.955966120562264,5.046935502490955,1.0,0.0
range expansion,0.45317301529343806,ORCL,2009-06-12,6.503114095018265,-0.0039759909627745,-0.7843915705159799,-1.21379766174913,6.503114095018265,0.0,0.0
range expansion,0.5198199017319481,ORCL,2023-05-25,6.502697102352254,0.0589480148753422,4.608542083333821,3.8804045897604023,6.502697102352254,0.0,0.0
price move with disclosure,0.5782243770230349,ORCL,2004-12-13,6.496311019592434,0.0965976883625028,6.496311019592434,4.101132827914056,5.38836690234885,1.0,0.0
volume spike with disclosure,0.46912056656305073,AMZN,2025-07-31,6.490809940255324,0.0168860355145431,1.5061925750690497,6.490809940255324,1.1755740164728714,1.0,0.0
range expansion,0.6001116880372888,AMZN,1998-11-17,6.4887686974301015,0.1624001011451901,4.379354545081424,3.423395297834933,6.4887686974301015,0.0,0.0
volume spike with disclosure,0.6256871354372867,AMD,2023-11-01,6.487108410841258,0.0924449807463717,3.728364309015292,6.487108410841258,5.126537811078824,1.0,1.0
volume spike with disclosure,0.6234369440181167,AMD,2022-05-04,6.486894517774878,0.0870662421584912,2.755455448275735,6.486894517774878,2.3438372763688027,1.0,1.0
volume spike,0.45958897819643324,MSFT,2003-05-21,6.472402739306662,-0.0243190470709815,-1.608530911257423,6.472402739306662,2.500365408255864,0.0,0.0
range expansion,0.5243420557395088,NVDA,2018-03-27,6.462119341352429,-0.0808324185716828,-3.429079571841349,3.592751031377192,6.462119341352429,0.0,0.0
volume spike with disclosure,0.48658210295231125,NVDA,2023-10-17,6.457898701083699,-0.0479250457821254,-2.6416405736551227,6.457898701083699,2.5415310811426823,1.0,0.0
volume spike with disclosure,0.5572200506452281,ORCL,2014-09-19,6.455540013277397,-0.043039667953446,-6.320139999210726,6.455540013277397,5.0876652719017805,1.0,0.0
range expansion,0.5488980788271653,NVDA,2024-04-19,6.455094481802707,-0.1054117075427423,-4.564135842764445,4.013920090318936,6.455094481802707,0.0,0.0
range expansion,0.5218375284745131,AMD,2008-05-06,6.445438244809432,0.0865007821355446,2.930339824410996,2.792874643562277,6.445438244809432,0.0,0.0
price move with disclosure,0.6401910506892755,AMZN,2014-10-24,6.442452212504727,-0.0870868519740626,-6.442452212504727,5.334543463040724,1.7149537053299546,1.0,1.0
volume spike with disclosure,0.6386694677505085,AMZN,2020-01-31,6.432070082317874,0.0711957021667505,6.340834672367358,6.432070082317874,2.9521622560050966,1.0,0.0
range expansion,0.5084474580704993,GOOGL,2008-09-08,6.428014322673683,-0.0562046921146428,-3.3531157415081028,3.667705344954181,6.428014322673683,0.0,0.0
volume spike with disclosure,0.6117358411794089,MSFT,2023-10-25,6.416716270590622,0.0302187781098622,2.257201518566628,6.416716270590622,0.8495797103240286,1.0,1.0
range expansion,0.5141555434281047,META,2025-04-07,6.415263919393821,0.0225675114433579,1.0083994213353389,2.1127010923970824,6.415263919393821,0.0,0.0
range expansion,0.5692997952604035,AMD,1999-01-13,6.41310450745449,-0.1263914101929835,-3.2641695202980365,1.992483999183776,6.41310450745449,0.0,0.0
volume spike,0.4549830778369621,MSFT,2005-09-16,6.411438766014618,-0.0077716540756758,-1.2807840700969195,6.411438766014618,1.588106385444629,0.0,0.0
volume spike with disclosure,0.5537089441575876,MSFT,2009-07-24,6.40769239630623,-0.086053329538109,-4.795618662713336,6.40769239630623,2.524127533663824,1.0,0.0
range expansion,0.46961650395998733,MSFT,2018-03-27,6.404487902579894,-0.0470182392741651,-2.181168708183859,2.31333420955334,6.404487902579894,0.0,0.0
range expansion,0.48034547040446096,AMZN,2010-01-22,6.401000618080951,-0.0418525100502529,-2.291441780593777,1.1324949236547968,6.401000618080951,0.0,0.0
range expansion,0.4899823428032675,ORCL,2023-10-20,6.38712529867376,-0.0617732875569381,-4.326384140990623,3.910497735341237,6.38712529867376,0.0,0.0
range expansion,0.47321341484027324,AMZN,2007-10-11,6.383237589862103,-0.0578422085541293,-6.1979921101802296,2.0415212353981573,6.383237589862103,0.0,0.0
price move,0.6003193285337497,NVDA,2025-01-27,6.379100836996256,-0.1859461234965274,-6.379100836996256,5.497144769519248,3.9948208886002536,0.0,0.0
price move with disclosure,0.6117964870587498,AMD,2019-07-31,6.376630598544461,-0.1064436726737742,-6.376630598544461,3.2660022000735363,4.853772392259198,1.0,1.0
range expansion with disclosure,0.4931066261070625,INTC,2013-01-17,6.370765784591847,0.0254153264884238,1.746964659302296,3.223139523097493,6.370765784591847,1.0,0.0
range expansion,0.49895815978593816,AMD,2025-11-20,6.363295482529572,-0.0816618512244423,-1.9358428456113717,0.8410362446720563,6.363295482529572,0.0,0.0
range expansion,0.509047362594408,ORCL,2025-04-07,6.3570719847391,-0.0086912812691575,-0.0298894940481806,1.3432729355565,6.3570719847391,0.0,0.0
range expansion,0.5426209871495972,META,2022-04-20,6.35532069816447,-0.0809097409014622,-3.776259275142748,2.393272298317565,6.35532069816447,0.0,0.0
volume spike with disclosure,0.5925111727429934,NVDA,2019-01-28,6.355301077298187,-0.1487650250610782,-4.956998797171086,6.355301077298187,2.2366162941929457,1.0,0.0
range expansion with disclosure,0.6046981218377281,AMD,2023-08-02,6.354995716002542,-0.0727352883417497,-3.7283070565501872,3.938828908817616,6.354995716002542,1.0,1.0
range expansion,0.49932195032816973,INTC,2018-04-02,6.353731656803116,-0.0626115106102187,-2.595327050691766,3.423857391710025,6.353731656803116,0.0,0.0
price move with disclosure,0.5237818402963469,INTC,2013-11-22,6.350244741466184,-0.0555286384250351,-6.350244741466184,2.7801022053735567,2.704543817301224,1.0,0.0
volume spike with disclosure,0.6326699250175402,GOOGL,2022-10-26,6.343126186035827,-0.0958596905263807,-5.179655650477661,6.343126186035827,0.9889249634488108,1.0,1.0
volume spike with disclosure,0.5614046201500418,NVDA,2007-11-23,6.340686678265806,0.0168568991370644,0.6653133593400807,-6.340686678265806,-1.3066236091492125,0.0,1.0
range expansion,0.5163743276980868,ORCL,2024-09-13,6.339097633580376,0.0040196708525489,-0.1896856778043987,2.0381388404509466,6.339097633580376,0.0,0.0
range expansion with disclosure,0.4599030834788902,ORCL,2010-10-13,6.332792027112543,0.0231000201447099,0.879818008820115,0.3324184211832924,6.332792027112543,1.0,0.0
range expansion,0.5124833025886847,NVDA,2005-06-14,6.331774840096899,-0.0606189011137266,-2.5675787811862643,2.9350330085481477,6.331774840096899,0.0,0.0
range expansion with disclosure,0.4766771456916549,AMZN,2016-04-28,6.31836713922974,-0.0075626927384979,-0.6514405045089899,1.9921892510187365,6.31836713922974,1.0,0.0
price move with disclosure,0.5705934075952929,INTC,1998-03-05,6.309338776359335,-0.1346207871571258,-6.309338776359335,5.0846970620114895,0.4503551035324432,1.0,0.0
range expansion,0.5241542656521809,MSFT,2015-08-24,6.295043409480168,-0.0328630514100329,-1.7270608480650855,3.656540004934888,6.295043409480168,0.0,0.0
price move with disclosure,0.5809295009995507,AAPL,2010-04-21,6.2930605200898135,0.0580207533777495,6.2930605200898135,2.4832908359785275,0.2774196571463009,1.0,1.0
volume spike with disclosure,0.4764505885246452,AAPL,2017-09-12,6.29235331454112,-0.0038909415813552,-0.5610859276320713,6.29235331454112,4.288232969985085,1.0,0.0
price move with disclosure,0.5475932493320849,INTC,2018-01-26,6.2906804933753,0.1003010362803008,6.2906804933753,1.82960494635648,1.5650308960480368,1.0,0.0
price move with disclosure,0.5362913645196614,GOOGL,2012-01-20,6.287861901524892,-0.087487956266767,-6.287861901524892,3.546153196681923,0.1067630596124704,1.0,0.0
range expansion with disclosure,0.4872923896221832,NVDA,2013-02-14,6.282076130508385,0.0284462489431078,2.288224270054104,2.9395893957429924,6.282076130508385,1.0,0.0
range expansion,0.5696464908456698,NVDA,2011-01-06,6.269470317067231,0.1298368095183759,5.455300028334313,3.3783050296022967,6.269470317067231,0.0,0.0
range expansion,0.5237639826765302,ORCL,2015-08-24,6.269006131512374,-0.0399065049923997,-3.263660501689462,4.355037803899093,6.269006131512374,0.0,0.0
range expansion,0.55770753969705,TSLA,2020-07-13,6.26163742080103,-0.0313044134203778,-1.0737983904698194,2.965841445326386,6.26163742080103,0.0,0.0
volume spike,0.49508331763078806,ORCL,2005-03-18,6.247090249830177,-0.0481940079229308,-3.3738465396251365,6.247090249830177,2.6010848756283185,0.0,0.0
range expansion,0.5497615160582542,AMD,2019-03-19,6.238892957840627,0.1117914059881166,5.366088488571302,5.732526650362321,6.238892957840627,0.0,0.0
range expansion,0.533714895740168,AAPL,1997-03-20,6.236693981132856,0.0672552573504595,3.538534953906177,2.608145887141836,6.236693981132856,0.0,0.0
range expansion,0.49801686608360285,INTC,2013-02-21,6.232813937546366,-0.0234129860324393,-2.6021490416231425,0.8398382490266125,6.232813937546366,0.0,0.0
range expansion,0.4635473943809873,MSFT,2025-09-05,6.224787956836516,-0.0258646281478592,-3.2090830865802595,2.456234403413486,6.224787956836516,0.0,0.0
range expansion,0.5155278458953981,AAPL,2004-06-16,6.220960610055066,0.0641815871612656,3.250081274061578,4.035226207207754,6.220960610055066,0.0,0.0
price move with disclosure,0.6075456081003767,AMD,2017-02-01,6.205605787950833,0.1509771690576035,6.205605787950833,5.037660841681184,4.280000630473142,1.0,0.0
price move with disclosure,0.6057071193515128,META,2016-11-03,6.202784436311518,-0.0580330312506095,-6.202784436311518,3.954043141424236,2.710181623706132,1.0,1.0
volume spike,0.43054127510108964,ORCL,2020-05-15,6.199100181542542,0.0001751901260239,0.021886268588929,6.199100181542542,0.8679261110688254,0.0,0.0
volume spike,0.4907648488890649,MSFT,2014-09-19,6.196438260573312,0.0178379550780569,2.2635863571204937,6.196438260573312,2.993454951286137,0.0,0.0
range expansion,0.6082172470764025,AMD,1996-11-14,6.195668009740346,0.1356106356053331,4.867851430867651,4.857222383262792,6.195668009740346,0.0,0.0
price move with disclosure,0.6193691156869591,AAPL,2014-01-28,6.189163590321607,-0.0832567341322536,-6.189163590321607,4.293734404336835,1.776003259456796,1.0,1.0
volume spike,0.4991669184979955,ORCL,2018-06-14,6.1870516793011845,-0.0502921712703313,-4.9916278111900585,6.1870516793011845,3.367557589841057,0.0,0.0
range expansion,0.5271553210026275,MSFT,2018-10-10,6.182751828053982,-0.0559522959637205,-5.6621566349210815,3.0389372222114184,6.182751828053982,0.0,0.0
price move with disclosure,0.6219187180368771,AMZN,2014-07-25,6.179406837866806,-0.1014610674928533,-6.179406837866806,4.474318607805708,1.5796618808003255,1.0,1.0
volume spike with disclosure,0.6056115607406972,AMD,2018-07-26,6.1792674605778135,0.1339207249245544,5.889623185236199,6.1792674605778135,5.246874216259499,1.0,0.0
price move,0.53478459961061,AAPL,2025-08-06,6.177103233249671,0.0496501171779428,6.177103233249671,3.1133555822879515,2.59560519308715,0.0,0.0
range expansion,0.5656931913084838,AMZN,2002-07-01,6.176645727128607,-0.1817063614500366,-4.078787494888651,2.1589761727134387,6.176645727128607,0.0,0.0
price move,0.58488441858421,AAPL,2004-11-22,6.174657296943745,0.1061997828664055,6.174657296943745,3.470920842975967,5.771617692511427,0.0,0.0
price move with disclosure,0.5601386204365499,ORCL,2019-06-20,6.172915795502092,0.0786460360354433,6.172915795502092,3.6820513130866366,2.4737669629040084,1.0,0.0
price move with disclosure,0.6255629434018208,INTC,2024-01-26,6.165889241564967,-0.1267785146318988,-6.165889241564967,3.9263111948640783,2.0880297165205715,1.0,0.0
price move with disclosure,0.601032717278496,INTC,2017-04-28,6.159306068965734,-0.0346345172658253,-6.159306068965734,3.5734179789027665,1.2508074077242612,1.0,1.0
range expansion with disclosure,0.5706167741485966,NVDA,2019-03-11,6.159203715115911,0.0672964667863757,3.9937595637055976,1.5380809385290268,6.159203715115911,2.0,0.0
range expansion,0.5627279719345912,AAPL,1997-10-15,6.155578098305297,0.0500029560498156,2.171735695102845,5.260812338429289,6.155578098305297,0.0,0.0
volume spike with disclosure,0.6335136763721221,AMZN,2024-08-02,6.15523842621651,-0.0919475559611354,-5.773564249311138,6.15523842621651,2.0957780776290456,1.0,1.0
range expansion with disclosure,0.6037440234449487,MSFT,1999-11-08,6.1530532924848815,-0.017932010878104,-0.8509347120837135,4.1007565319887815,6.1530532924848815,0.0,1.0
price move with disclosure,0.6333104303559141,AAPL,2013-01-24,6.138510231138372,-0.1318410733397289,-6.138510231138372,2.9209022777099705,1.444430733172651,1.0,1.0
range expansion with disclosure,0.53023149035226,NVDA,2021-08-19,6.13274621597629,0.0390618229152341,2.2698339524347144,5.385961869586835,6.13274621597629,1.0,0.0
price move,0.6053350521617153,AAPL,1997-08-06,6.1276647059827845,0.2870804588925989,6.1276647059827845,3.9981235053448048,1.6859326665947998,0.0,0.0
range expansion,0.4765681410894749,AMD,2014-09-18,6.122247658013302,0.0155847310166983,1.8809401028463288,0.7010002372649047,6.122247658013302,0.0,0.0
range expansion,0.4975300691585394,AMZN,2019-12-26,6.113951275961023,0.0435062787896937,5.189156153522915,2.207360964061157,6.113951275961023,0.0,0.0
price move with disclosure,0.627010919353509,META,2024-04-25,6.108894321875044,-0.1116166764535224,-6.108894321875044,4.848439239424725,3.5540095320405736,1.0,1.0
range expansion,0.477505437164918,AMD,2007-07-26,6.099119236369374,-0.0561018099680633,-3.4062674273985807,1.977962610443873,6.099119236369374,0.0,0.0
price move with disclosure,0.6406527621913838,AMD,2026-02-04,6.093288332777533,-0.190125252753116,-6.093288332777533,3.7325177304207178,3.219677750640117,1.0,0.0
price move with disclosure,0.5292995809945852,GOOGL,2006-10-20,6.090322773672997,0.0759537323894092,6.090322773672997,2.10659562512127,-0.714100143160853,1.0,0.0
range expansion,0.4747309304470693,ORCL,2024-05-14,6.083863931557588,0.0379408177513799,3.4468041141637418,4.868511730349927,6.083863931557588,0.0,0.0
range expansion,0.5294505444084089,META,2020-06-26,6.077345349326111,-0.0868262432299599,-4.365389961052377,6.029876471173201,6.077345349326111,0.0,0.0
range expansion,0.449911878621844,INTC,2000-07-28,6.073849687021382,-0.0591811345237422,-2.750130635334186,1.087219185647564,6.073849687021382,0.0,0.0
volume spike with disclosure,0.58976794547507,MSFT,2016-10-21,6.073145820208383,0.0412314924091713,5.6328356516039895,6.073145820208383,0.9759802041584248,1.0,1.0
range expansion,0.49478785836902994,ORCL,2020-08-18,6.068583186813122,0.0218319286312143,3.734771110325128,3.487518307059064,6.068583186813122,0.0,0.0
price move with disclosure,0.5490851867152023,NVDA,2013-11-08,6.06501222537305,0.0673352467982828,6.06501222537305,3.12610831976338,4.662579371740431,1.0,0.0
range expansion,0.45201412351175785,MSFT,2010-01-22,6.052979643922704,-0.0355987370036499,-3.151671306832494,1.88027407428438,6.052979643922704,0.0,0.0
volume spike with disclosure,0.6069581023348671,INTC,2019-10-25,6.048665635304971,0.0779368950490996,5.586299103282152,6.048665635304971,3.840196244321944,1.0,1.0
volume spike with disclosure,0.5484741031714996,ORCL,2016-09-16,6.04617626369351,-0.048651193036902,-5.9489629215612165,6.04617626369351,3.735143085177832,1.0,0.0
range expansion,0.5239471503138834,AAPL,2025-04-07,6.043166675527381,-0.0374206899112932,-0.8395702398209248,2.8828485955152567,6.043166675527381,0.0,0.0
price move with disclosure,0.5395116462919328,NVDA,2014-08-08,6.042050404858746,0.0846835809579659,6.042050404858746,4.365297596117093,3.544077498915535,1.0,0.0
price move,0.48623189276087303,MSFT,2016-09-09,6.038957009222404,-0.0214261862064183,-6.038957009222404,4.327400253591601,4.948726649492441,0.0,0.0
range expansion with disclosure,0.5709566277471828,ORCL,2022-12-13,6.032168818071843,-0.0088977354198648,-0.6952140722098265,3.666797605166866,6.032168818071843,1.0,1.0
price move with disclosure,0.6067296869386658,AAPL,2012-01-25,6.027837872588983,0.0605190822499737,6.027837872588983,4.873419429568577,3.4389297736045275,1.0,1.0
range expansion with disclosure,0.4442232591414382,AAPL,2007-04-24,6.017353642590252,-0.0028023437911365,-0.1928620809743867,2.014510161297806,6.017353642590252,1.0,0.0
range expansion,0.4836315287780741,GOOGL,2016-11-10,6.017091606034026,-0.0319084983751427,-2.8275072482100683,2.7079465508166227,6.017091606034026,0.0,0.0
range expansion with disclosure,0.5638126813401457,MSFT,2008-02-01,6.016116649177716,-0.0684974693388372,-3.499400449279451,3.3034330685719246,6.016116649177716,1.0,0.0
range expansion with disclosure,0.5809421180484603,GOOGL,2007-11-08,6.01574519709474,-0.0548242826845691,-4.020234958811784,2.3202925280312607,6.01574519709474,0.0,1.0
range expansion with disclosure,0.552282359208169,INTC,1998-04-15,6.011892186128526,-0.0147551425028853,-0.8187104492691369,3.38518589618012,6.011892186128526,1.0,0.0
range expansion,0.556698290350198,MSFT,1995-07-19,6.0058843402266975,-0.0745140347651781,-3.00673703620376,2.6333803364656063,6.0058843402266975,0.0,0.0
volume spike with disclosure,0.6300040002126506,AMZN,2009-01-30,6.004803474597534,0.1624589276977028,4.21144941059824,6.004803474597534,-0.8079570454861694,1.0,0.0
range expansion,0.5110498089158145,TSLA,2024-07-11,6.000575188193499,-0.0882207299259633,-3.292742543625684,1.99253778416658,6.000575188193499,0.0,0.0
volume spike,0.5092963639177958,META,2018-01-12,6.000426392865842,-0.0457670980437971,-4.95644731287798,6.000426392865842,2.797432644543448,0.0,0.0
range expansion,0.4632506787694958,AMZN,2025-10-10,5.993810029830774,-0.0512147221831207,-4.2699670102990765,1.9353470295498512,5.993810029830774,0.0,0.0
range expansion,0.46804966813046545,GOOGL,2020-01-06,5.984275503330957,0.0263043078557225,2.88890299578999,2.0729785753061454,5.984275503330957,0.0,0.0
volume spike with disclosure,0.5665406924886038,META,2016-07-28,5.982502343305862,0.0133689677389542,0.6638173465713617,5.982502343305862,2.9332782349614144,1.0,1.0
volume spike,0.40919066167145285,AMZN,2024-09-20,5.971196756586775,0.0090702380814365,0.3267227413763101,5.971196756586775,0.0287324374080072,0.0,0.0
range expansion,0.42934455176984365,ORCL,2019-05-06,5.968130809181988,0.0011294147970304,0.0532676318233685,0.4541871779571855,5.968130809181988,0.0,0.0
range expansion,0.5036618930860519,NVDA,2014-10-10,5.96559195767832,-0.0616173331536629,-5.064355270727596,3.557609853325725,5.96559195767832,0.0,0.0
range expansion with disclosure,0.4766131302676331,INTC,2015-11-19,5.961649562415228,0.0337847016377257,2.777566677440661,2.731684023803012,5.961649562415228,1.0,0.0
price move with disclosure,0.5808832455965176,AAPL,2023-08-04,5.960726709798556,-0.0491980374815277,-5.960726709798556,4.030020722550909,2.756257668026223,1.0,1.0
range expansion,0.507729809134807,ORCL,2025-11-20,5.9606552212377215,-0.0680653289489783,-2.319792688117708,1.3444592849778447,5.9606552212377215,0.0,0.0
range expansion,0.4534082854534818,META,2014-09-15,5.960555680627855,-0.0381474637881204,-3.544501235771778,3.1546986966895094,5.960555680627855,0.0,0.0
volume spike with disclosure,0.4785793254541507,META,2020-01-29,5.957615154766534,0.0246713343147622,2.0131693672130813,5.957615154766534,1.7945877699161186,1.0,0.0
range expansion,0.5514647847232697,NVDA,2001-09-19,5.952521877168912,-0.0129631139673845,0.0597089483265392,2.439349217730455,5.952521877168912,0.0,0.0
volume spike,0.4060011065201765,INTC,2003-08-15,5.949471951574374,-0.0034482585636366,-0.1627344585314718,-5.949471951574374,-1.1191860154854008,0.0,0.0
price move with disclosure,0.6343525911460393,NVDA,2024-02-22,5.943177838012424,0.1518703018803565,5.943177838012424,2.352525468662581,1.7541051565266128,1.0,0.0
range expansion,0.5337526107763058,ORCL,2026-04-13,5.926113171934228,0.1195114916915243,5.225455172614251,2.998821980900669,5.926113171934228,0.0,0.0
price move with disclosure,0.6615139271651442,AMZN,2003-04-25,5.922907977477254,0.1421984602257582,5.922907977477254,5.542945339414516,0.4671634121600211,1.0,1.0
volume spike,0.49947730194407064,TSLA,2020-12-18,5.914579097169263,0.0579064707368061,0.9394884356788716,5.914579097169263,1.5302757076189226,0.0,0.0
range expansion with disclosure,0.5663700408927236,GOOGL,2010-01-22,5.91254516076232,-0.0582401244259585,-4.601794392167418,1.2860331981034598,5.91254516076232,2.0,0.0
range expansion,0.5451886324628472,AMZN,1999-04-19,5.912426199185995,-0.1784972996484528,-3.268859628489449,1.7353527389021872,5.912426199185995,0.0,0.0
range expansion with disclosure,0.5903100959203458,AMZN,2010-02-01,5.899064476273392,-0.0535579108434253,-2.665825310870245,3.055248783658471,5.899064476273392,0.0,0.0
range expansion with disclosure,0.5084638596798525,INTC,2025-08-14,5.897873403320231,0.0712106324582862,2.400957146053556,1.8822812039353176,5.897873403320231,1.0,0.0
range expansion,0.5348540643198052,AAPL,1999-09-23,5.895306660948173,-0.1049241563553158,-2.6488939357092014,1.0848149990158935,5.895306660948173,0.0,0.0
price move with disclosure,0.5409541721830792,ORCL,2021-06-16,5.884115674254886,-0.0574601252904589,-5.884115674254886,4.405008578037029,2.835963875705579,1.0,0.0
range expansion,0.511975207908354,INTC,2025-06-10,5.880379855405173,0.0752234212375875,3.572183465550955,3.991710300165448,5.880379855405173,0.0,0.0
